year;temperature_change;glacier_area_km2 (Fläche in km^2);mmsle (jährlicher Beitrag der Gletschermassenänderung zum globalen Meeresspiegel);mmsle_cumsum (kummulierter Beitrag zum Meeresspiegel seit Beginn der Zeitreihe);sea_level (Veränderung seit Beginn der Messzeit)
1970;0,271430661;null;null;null;null
1971;0,150605691;null;null;null;null
1972;0,262703431;null;null;null;null
1973;0,406444901;null;null;null;null
1974;0,183968171;null;null;null;null
1975;0,245740527;null;null;null;null
1976;0,140657841;754711,34;-0,034;-0,034;null
1977;0,459583241;753124,23;0,112;0,078;null
1978;0,361750712;751543,12;0,139;0,216;null
1979;0,447352881;749959,92;0,237;0,453;null
1980;0,552566781;748382,74;-0,085;0,368;null
1981;0,606506781;746811,5;-0,169;0,199;null
1982;0,390763023;745246,19;0,265;0,463;null
1983;0,580304581;743686,76;-0,317;0,146;null
1984;0,404488261;742133,18;0,273;0,42;null
1985;0,406224483;740585,47;0,092;0,512;null
1986;0,452181721;738211,18;0,149;0,661;null
1987;0,599521141;735849,44;-0,224;0,437;null
1988;0,638646441;733500,3;-0,12;0,318;null
1989;0,535745041;731163,59;0,323;0,641;null
1990;0,717077121;728839,2;0,732;1,373;null
1991;0,695391281;726435,05;0,277;1,65;null
1992;0,481391571;724043,36;-0,066;1,584;null
1993;0,522201931;721664,01;0,506;2,091;-0,333642095
1994;0,590044531;719296,91;0,393;2,484;0,363666594
1995;0,733360871;716942,03;0,573;3,057;0,881467402
1996;0,633184121;714599,22;0,354;3,412;1,241322756
1997;0,778803241;712268,5;0,882;4,294;1,444550157
1998;0,933836441;709949,69;0,297;4,591;1,925682545
1999;0,680979711;707642,8;0,721;5,312;1,620725155
2000;0,687579501;705347,68;0,368;5,679;2,237098694
2001;0,845775081;703064,26;0,487;6,166;2,614389181
2002;0,899961241;700792,55;0,441;6,607;2,843067646
2003;0,900664881;698532,38;0,627;7,235;3,215725422
2004;0,823865461;696283,71;0,942;8,177;3,453974009
2005;0,963357241;694046,46;0,9;9,077;3,719266176
2006;0,929047441;691820,54;0,747;9,823;4,062023163
2007;0,948196041;689605,93;0,789;10,612;4,111582279
2008;0,822144581;687402,49;0,439;11,051;4,293280602
2009;0,953276341;685210,2;0,856;11,908;4,672956467
2010;1,036866141;683028,94;0,422;12,33;5,107419968
2011;0,894192471;680858,7;0,975;13,305;4,923737526
2012;0,934101781;678699,36;0,575;13,88;5,677995682
2013;0,980070041;676550,91;0,631;14,512;6,511457443
2014;1,029366391;674413,2;0,378;14,89;6,417144775
2015;1,181609141;672286,18;0,78;15,669;7,089461327
2016;1,289421841;670169,8;0,962;16,631;7,939641953
2017;1,201668991;668064,01;0,681;17,313;7,945180416
2018;1,119148811;665968,72;0,617;17,93;8,36837101
2019;1,247567341;663883,88;1,197;19,127;8,748096466
2020;1,279415241;661809,36;1,271;20,399;9,097233772
2021;1,118400291;659745,18;0,846;21,245;9,591007233
2022;1,157800041;657691,25;1,263;22,507;9,997204781
2023;1,456551941;655647,47;1,532;24,04;10,42314053
2024;1,527000000;653613,83;1,271;25,31;11,16622829
;;;;;
